{
    "5": {
        "result": [
            32,
            3,
            6,
            28489,
            11
        ],
        "operations_count": 160305,
        "time": 3.4855220317840576,
        "solution_tested": 1
    },
    "6": {
        "result": [
            32,
            3,
            6,
            28489,
            11,
            1557
        ],
        "operations_count": 190336,
        "time": 3.5124001502990723,
        "solution_tested": 1
    },
    "7": {
        "result": [
            32,
            3,
            6,
            28489,
            5385,
            11,
            1557
        ],
        "operations_count": 220340,
        "time": 3.4361701011657715,
        "solution_tested": 1
    },
    "8": {
        "result": [
            193,
            2,
            290,
            12109,
            15,
            80,
            9201,
            13461
        ],
        "operations_count": 470784,
        "time": 4.914098739624023,
        "solution_tested": 1
    },
    "9": {
        "result": [
            1,
            2690,
            358,
            20230,
            8175,
            465,
            146,
            29876,
            29
        ],
        "operations_count": 2163043,
        "time": 26.00626015663147,
        "solution_tested": 1
    },
    "10": {
        "result": [
            0,
            97,
            2,
            352,
            4033,
            29506,
            1228,
            430,
            28061,
            29951
        ],
        "operations_count": 3414525,
        "time": 39.472901821136475,
        "solution_tested": 1
    }
}