{
    "5": {
        "result": [
            7498,
            5329,
            13844,
            8599,
            3259
        ],
        "operations_count": 20879,
        "time": 0.02296304702758789,
        "solution_tested": 1
    },
    "6": {
        "result": [
            7498,
            5329,
            13844,
            8599,
            3259,
            5566
        ],
        "operations_count": 22457,
        "time": 0.016271114349365234,
        "solution_tested": 1
    },
    "7": {
        "result": [
            7498,
            2767,
            5329,
            13844,
            8599,
            3259,
            5566
        ],
        "operations_count": 23591,
        "time": 0.01819610595703125,
        "solution_tested": 1
    },
    "8": {
        "result": [
            14912,
            7498,
            2767,
            5329,
            13844,
            8599,
            3259,
            5566
        ],
        "operations_count": 79095,
        "time": 0.03023219108581543,
        "solution_tested": 1
    },
    "9": {
        "result": [
            6788,
            228,
            9671,
            6509,
            5329,
            13844,
            8854,
            2327,
            9688
        ],
        "operations_count": 1247475,
        "time": 0.26276111602783203,
        "solution_tested": 1
    },
    "10": {
        "result": [
            12033,
            9571,
            15460,
            9289,
            16649,
            6541,
            3599,
            14160,
            16624,
            6616
        ],
        "operations_count": 58177285,
        "time": 7.703825950622559,
        "solution_tested": 1
    },
    "15": {
        "result": null,
        "operations_count": 3227651433,
        "time": 390.56529474258423,
        "solution_tested": 0
    }
}