{
    "5": {
        "result": [
            0,
            386,
            10,
            75,
            13844
        ],
        "operations_count": 106914,
        "time": 1.4670250415802002,
        "solution_tested": 1
    },
    "6": {
        "result": [
            0,
            386,
            10,
            75,
            2701,
            13844
        ],
        "operations_count": 126939,
        "time": 1.0419409275054932,
        "solution_tested": 1
    },
    "7": {
        "result": [
            0,
            386,
            10,
            75,
            2701,
            13844,
            14651
        ],
        "operations_count": 146942,
        "time": 1.0280449390411377,
        "solution_tested": 1
    },
    "8": {
        "result": [
            2,
            35,
            263,
            12365,
            15,
            5329,
            114,
            2227
        ],
        "operations_count": 460907,
        "time": 3.5167958736419678,
        "solution_tested": 1
    },
    "9": {
        "result": [
            165,
            9125,
            7,
            1191,
            8331,
            15,
            208,
            52,
            7094
        ],
        "operations_count": 647879,
        "time": 4.302260875701904,
        "solution_tested": 1
    },
    "10": {
        "result": [
            4,
            8933,
            39,
            8360,
            18186,
            271,
            9688,
            3096,
            11387,
            127
        ],
        "operations_count": 4995020,
        "time": 32.26164412498474,
        "solution_tested": 1
    }
}