{
    "5": {
        "result": [
            7040,
            9772,
            5329,
            3992,
            9853
        ],
        "operations_count": 10968,
        "time": 0.0066852569580078125,
        "solution_tested": 1
    },
    "6": {
        "result": [
            7040,
            7146,
            9772,
            5329,
            3992,
            9853
        ],
        "operations_count": 11430,
        "time": 0.005517005920410156,
        "solution_tested": 1
    },
    "7": {
        "result": [
            7040,
            7146,
            9772,
            2604,
            5329,
            3992,
            9853
        ],
        "operations_count": 18024,
        "time": 0.005749940872192383,
        "solution_tested": 1
    },
    "8": {
        "result": [
            7040,
            8227,
            7146,
            9772,
            2604,
            5329,
            3992,
            9853
        ],
        "operations_count": 53560,
        "time": 0.010405778884887695,
        "solution_tested": 1
    },
    "9": {
        "result": [
            7040,
            3556,
            9672,
            106,
            8940,
            9263,
            5329,
            3385,
            5018
        ],
        "operations_count": 5186434,
        "time": 0.5549581050872803,
        "solution_tested": 1
    },
    "10": {
        "result": [
            2880,
            9732,
            7211,
            239,
            9071,
            466,
            5302,
            3032,
            3965,
            254
        ],
        "operations_count": 215466925,
        "time": 22.62864089012146,
        "solution_tested": 1
    },
    "15": {
        "result": null,
        "operations_count": 761960701,
        "time": 79.90060186386108,
        "solution_tested": 0
    }
}