{
    "5": {
        "result": [
            23911,
            20104,
            28489,
            11818,
            1678
        ],
        "operations_count": 32257,
        "time": 0.5823569297790527,
        "solution_tested": 1
    },
    "6": {
        "result": [
            23911,
            20104,
            28489,
            11818,
            1678,
            4725
        ],
        "operations_count": 45295,
        "time": 0.05195116996765137,
        "solution_tested": 1
    },
    "7": {
        "result": [
            23911,
            20104,
            28489,
            11818,
            1678,
            4946,
            4725
        ],
        "operations_count": 48088,
        "time": 0.03994178771972656,
        "solution_tested": 1
    },
    "8": {
        "result": [
            23911,
            20104,
            28489,
            11818,
            1678,
            4946,
            4725,
            89
        ],
        "operations_count": 174536,
        "time": 0.18359804153442383,
        "solution_tested": 1
    },
    "9": {
        "result": [
            23911,
            20104,
            28489,
            11818,
            1678,
            4946,
            4725,
            89,
            28027
        ],
        "operations_count": 261107,
        "time": 0.14600396156311035,
        "solution_tested": 1
    },
    "10": {
        "result": [
            12064,
            9442,
            27749,
            17993,
            9613,
            1678,
            22162,
            29715,
            29560,
            16319
        ],
        "operations_count": 20204732,
        "time": 14.701187133789062,
        "solution_tested": 1
    }
}